epoch,score_episode_1,score_episode_2,score_episode_3,score_episode_4,score_episode_5,score_episode_6,score_episode_7,score_episode_8,score_episode_9,score_episode_10,length_episode_1,length_episode_2,length_episode_3,length_episode_4,length_episode_5,length_episode_6,length_episode_7,length_episode_8,length_episode_9,length_episode_10,average_q_val
0,-2.0,-1.0,-1.0,-1.0,0.0,0.0,-2.0,-1.0,-1.0,-1.0,1297,1393,901,1248,1002,2206,1111,1511,1227,1524,1.1133355919985435
1,-2.0,0.0,1.0,-1.0,-1.0,-1.0,1.0,0.0,0.0,-2.0,1331,1197,1079,1133,1410,1302,1816,1379,1557,990,1.0576688237361271
2,-2.0,0.0,-3.0,0.0,-3.0,1.0,2.0,-2.0,-3.0,0.0,985,1839,2445,1539,1406,1048,1263,1196,1297,1334,1.0068982912645756
3,-2.0,-2.0,-3.0,-2.0,-1.0,-2.0,-2.0,-1.0,0.0,-1.0,1813,1059,1115,1298,1266,1053,1215,1126,991,1736,0.9565535461916196
4,-3.0,-2.0,-3.0,-3.0,-1.0,-2.0,-2.0,-2.0,-2.0,-2.0,1453,1237,1453,1453,1576,1319,1317,1453,1317,1093,0.9762714828581637
5,-2.0,2.0,-1.0,-3.0,-3.0,-1.0,-2.0,-2.0,-1.0,-2.0,1273,1500,1136,1253,1715,1959,962,1352,1199,1637,0.9274579132772133
6,-1.0,-1.0,-2.0,-3.0,-2.0,-2.0,-1.0,1.0,-2.0,-2.0,1561,1180,1898,1141,1148,1232,1473,1177,1036,1142,0.8810960678376945
7,-3.0,-3.0,-1.0,-2.0,-1.0,-3.0,-3.0,-3.0,-2.0,-3.0,1272,1274,1796,1346,1511,1015,1665,1175,1214,1255,0.8377362302824147
