epoch,score_episode_1,score_episode_2,score_episode_3,score_episode_4,score_episode_5,score_episode_6,score_episode_7,score_episode_8,score_episode_9,score_episode_10,length_episode_1,length_episode_2,length_episode_3,length_episode_4,length_episode_5,length_episode_6,length_episode_7,length_episode_8,length_episode_9,length_episode_10,average_q_val
0,-1.0,0.0,1.0,0.0,-1.0,-1.0,1.0,-3.0,-2.0,1.0,1196,1750,1930,998,887,979,1155,1186,1500,1502,1.9350022440048575
1,0.0,-1.0,-2.0,1.0,-2.0,-1.0,0.0,-1.0,-2.0,-2.0,1249,1247,1804,1761,1121,1505,2602,1214,1239,1663,1.9310908244919116
2,2.0,-1.0,0.0,-2.0,-2.0,-2.0,0.0,0.0,-3.0,-1.0,1150,1080,1028,1161,1067,1184,1210,1246,1191,1920,1.9575830382768111
3,-1.0,-2.0,-1.0,-2.0,-2.0,-3.0,-1.0,-1.0,-3.0,0.0,1550,1318,1250,1507,1238,1453,1527,1414,1453,1496,1.9736663330004611
4,1.0,-1.0,-2.0,0.0,-2.0,-1.0,-1.0,-2.0,3.0,-2.0,2339,1504,1236,1337,1450,934,1330,964,2299,1028,1.9760460520762813
5,-1.0,-3.0,-1.0,-1.0,0.0,0.0,-2.0,-1.0,2.0,-1.0,955,1613,1576,1563,1498,1483,1474,1580,1378,1694,1.9832309252039366
6,-1.0,0.0,-1.0,0.0,-1.0,2.0,0.0,-3.0,-1.0,-3.0,1783,1061,1226,1256,1389,1360,1364,1609,1443,1420,1.976970836712931
