epoch,score_episode_1,score_episode_2,score_episode_3,score_episode_4,score_episode_5,score_episode_6,score_episode_7,score_episode_8,score_episode_9,score_episode_10,length_episode_1,length_episode_2,length_episode_3,length_episode_4,length_episode_5,length_episode_6,length_episode_7,length_episode_8,length_episode_9,length_episode_10,average_q_val
0,-3.0,1.0,0.0,-1.0,1.0,-1.0,1.0,-2.0,0.0,1.0,1684,1346,1805,1486,1055,1170,1530,1148,1053,1632,1.9350378462441093
1,-1.0,-3.0,-1.0,-3.0,-1.0,-2.0,-2.0,0.0,-2.0,-3.0,1286,1652,1248,1184,1304,1322,1133,1813,949,1150,1.9310908244919116
2,-1.0,-1.0,-2.0,-1.0,1.0,-1.0,-2.0,-3.0,-1.0,1.0,1059,1339,1314,1228,1319,1390,1285,1382,1300,1658,1.9575830382768111
3,-1.0,-1.0,-2.0,-1.0,0.0,-2.0,3.0,-1.0,1.0,-2.0,1278,1757,1319,1076,1537,1507,1336,1278,2023,1453,1.9736663330004611
4,-1.0,-3.0,-2.0,0.0,0.0,-2.0,-2.0,-1.0,-2.0,-2.0,1408,1214,1189,1195,1010,1431,1633,1049,1247,1050,1.9760460520762813
5,-1.0,-1.0,-2.0,-1.0,1.0,-2.0,0.0,1.0,-3.0,-1.0,1132,1090,1781,1628,1088,1581,1754,1510,1608,1508,1.9832309252039366
